,index,hospital_transfer_description
0,Unspecified,1517693
1,FAIRVIEW HOSPITAL,3699
2,MERIDIA HILLCREST HOSPITAL,3562
3,CC-TWINSBURG ED,3168
4,HOME,2706
5,MARYMOUNT HOSPITAL,2694
6,CC-BRUNSWICK ED,2664
7,TWINSBURG,2613
8,MEDINA GENERAL HOSPITAL,2433
9,MERIDIA EUCLID HOSPITAL,1924
10,CC-AVON ED (RICHARD E. JACOBS FHC),1890
11,AULTMAN HOSPITAL,1743
12,WOOSTER COMMUNITY HOSPITAL,1537
13,TRUMBULL MEMORIAL HOSPITAL,1481
14,KAISER PERMANENTE,1368
15,CC-FAIRVIEW HOSPITAL,1356
16,CC-HILLCREST HOSPITAL,1335
17,OTHER NON SPECIFIED,1331
18,Avon Hospital,1301
19,ASHTABULA COUNTY MEDICAL CENTER,1282
20,PARMA COMMUNITY GENERAL HOSPITAL,1087
21,LAKEWOOD HOSPITAL,1031
22,ASHTABULA CL,1028
23,AVON FSED,1026
24,FAIRVIEW ED,992
25,SOUTHPOINT HOSP,979
26,HILLCREST ED,907
27,ASHTABULA COUNTY MED CTR,898
28,LODI COMMUNITY HOSPITAL,878
29,AVON CAMPUS,852
30,CC-MEDINA HOSPITAL,848
31,AKRON CITY HOSPITAL,842
32,LAKEWOOD ED,835
33,ST JOSEPH HEALTH CENTER,811
34,AKRON GENERAL HOSPITAL,793
35,MERIDIA SOUTH POINTE HOSPITAL,787
36,MAIN ED,784
37,SALEM COMMUNITY HOSPITAL,743
38,UNION HOSPITAL,739
39,CC-LAKEWOOD HOSPITAL,731
40,MEDINA ED,730
41,ST ELIZABETH HOSPITAL,722
42,MERCY MEDICAL CTR,671
43,FISHER TITUS MEDICAL CENTER,671
44,ST ELIZABETH HEALTH CENTER,654
45,HILLCREST HOSPITAL,652
46,CC-MARYMOUNT HOSPITAL,629
47,ST JOSEPH,599
48,SOUTHWEST GEN,596
49,LAKE HOSPITAL SYSTEMS WEST,593
50,TRI POINT MEDICAL CENTER,583
51,ELYRIA MEMORIAL HOSPITAL,560
52,CC-SOUTHPOINTE HOSPITAL,559
53,ST ELIZABETH BOARDMAN HEALTH CTR,552
54,CC-EUCLID HOSPITAL,552
55,MERCY MEDICAL CENTER,530
56,LUTHERAN ED,497
57,ST ELIZABETH,494
58,MERCY REGIONAL MEDICAL CTR,481
59,ELYRIA HOSPITAL,472
60,EUCLID ED,470
61,SHARON REGIONAL HEALTH SYSTEM,465
62,CC-MAIN,458
63,LAKE WEST HOSPITAL,456
64,ROBINSON MEMORIAL,451
65,METROHEALTH MEDICAL CENTER,444
66,MERCY,439
67,MERCY HOSPITAL,418
68,SAGAMORE HILLS ED,417
69,SOUTHWEST GENERAL,411
70,ST JOHN & WEST SHORE HOSPITAL,407
71,FIRELANDS COMMUNITY HOSPITAL,405
72,CHARLESTON AREA MEDICAL CENTER,401
73,BRUNSWICK FREE-STANDING-UH/SW GENERAL,389
74,CC-LUTHERAN HOSPITAL,376
75,AKRON GENERAL FSER,372
76,MEDCENTRAL HEALTH CENTER,372
77,MARYMOUNT ED,366
78,AKRON GENERAL,363
79,FIRELANDS REQIONAL MEDICAL CTR,361
80,SAMARITAN HOSPITAL,344
81,MERCY MEDICAL CENTER OF LORAIN,339
82,METROHEALTH MEDICAL CTR,325
83,MED CENTRAL HEALTH SYSTEM,320
84,MEDINA HOSPITAL,320
85,TRIPOINT MEDICAL CTR,319
86,LUTHERAN HOSPITAL CCF,305
87,NORTHSIDE FORUM HOSPITAL,302
88,METROHEALTH ED,301
89,AFFINITY MEDICAL CENTER,300
90,WHEELING HOSPITAL,299
91,EMH ELYRIA MEDICAL CTR,298
92,LUTHERAN HOSPITAL,298
93,EUCLID HOSPITAL,293
94,PROMEDICA TOLEDO HOSPITAL,293
95,SOUTHWEST GENERAL HOSPITAL,291
96,SOUTHPOINT ED,286
97,BELLEVUE HOSPITAL,276
98,MAIN CAMPUS,271
99,ALLIANCE COMMUNITY HOSPITAL,266
100,GEAUGA REGIONAL HOSPITAL,257
101,AKRON GENERAL FREE-STANDING ED,256
102,EMH REGIONAL MEDICAL CENTER,250
103,CC-ASHTABULA COUNTY MEDICAL CTR,246
104,ST VINCENT CHARITY,245
105,MARYMOUNT SOUTH ED,244
106,FISHER-TITUS MEDICAL CTR,244
107,LAKEWEST HOSPITAL,241
108,TOLEDO HOSPITAL,241
109,PARMA HOSPITAL,231
110,CHARLESTON AREA MEDICAL CTR,225
111,FISHER TITUS HOSPITAL,218
112,BRUNSWICK EMERGENCY ROOM,212
113,UNIVERSITY HOSPITAL,212
114,MERIDIA HURON ROAD HOSPITAL,211
115,MARIETTA MEMORIAL HOSPITAL,211
116,SOUTHPOINT HOSPITAL,208
117,AULTMAN ACUTE CARE SPEACIALTY HOSPITAL,207
118,BARBERTON CITIZENS HOSPITAL,203
119,MERCY ALLEN HOSPITAL,202
120,LUTHERAN BEHAVIORAL,196
121,MIAMI VALLEY HOSPITAL,196
122,SUMMA HEALTH SYSTEM ED,195
123,ST VINCENT CHARITY HOSPITAL & HEALTH CTR,192
124,ST JOHN MEDICAL CTR,188
125,ALLIANCE CITY HOSPITAL,184
126,ST JOES HOSPITAL,181
127,CAMDEN CLARK MEMORIAL HOSPITAL,180
128,MERCY REGIONAL MEDICAL CENTER,177
129,FIRELAND REGINAL MEDICAL CENTER,177
130,NORTHSIDE MEDICAL CTR,176
131,ST RITA'S MEDICAL CENTER,174
132,TRUMBALL MEMORIAL HOSPITAL,173
133,WOOSTER CLINIC,163
134,AMHERST HOSPITAL,162
135,MARIETTA HOSPITAL,159
136,JOEL POMERENE MEMORIAL HOSPITAL,158
137,CC-LAKEWOOD FHC,154
138,AFFINITY MEDICAL CTR,152
139,COMMUNITY HOSPITAL OF BEDFORD,152
140,RIVERSIDE METHODIST HOSPITAL,149
141,UNIVERSITY HOSPITALS CASE MEDICAL CENTER,148
142,SUMMA WESTERN RESERVE HOSPITAL,147
143,ST RITA'S MEDICAL CTR,147
144,AKRON GENERAL HEALTH CARE CENTER,145
145,ST VINCENT,144
146,RICHMOND HEIGHTS GENERAL,142
147,CAMDEN CLARK MEDICAL HOSPITAL,141
148,LIMA MEMORIAL HOSPITAL,139
149,UNIVERSITY HOSPITAL ED,136
150,ALLEN MEMORIAL HOSPITAL,134
151,EAST LIVERPOOL CITY HOSPITAL,133
152,SAMARITAN REGIONAL HEALTH SYSTEM,133
153,AKRON CHILDREN'S HOSPITAL,130
154,MAGRUDER HOSPIRAL,130
155,ST VINCENT HEALTH CTR,130
156,BUFFALO GENERAL HOSPITAL,125
157,CAMC MEMORIAL HOSPITAL,125
158,WADSWORTH RITTMAN HOSPITAL,123
159,LORAIN COMMUNITY HOSPITAL,123
160,MADISON EMERGENCY ROOM,123
161,UPMC HAMOT,122
162,UNKNOWN (ENTER IN NOTES),122
163,MADISON EMERGENCY DEPARTMENT,122
164,ST CHARLES HOSPITAL,119
165,WOOSTER COMM HOSPITAL,117
166,UNIVERSITY HOSPITALS GEAUGA MEDICAL CENTER,117
167,GENESIS HEALTH CARE SYSTEM,114
168,MEMORIAL HOSPITAL OF GENEVA,114
169,ST VINCENT MEDICAL CTR,110
170,ARNOT OGDEN HOSPITAL,109
171,FLOWER HOSPITAL,108
172,MARION GENERAL HOSPITAL,104
173,BLANCHARD VALLEY HOSPITAL,103
174,UNIVERSITY HOSPITALS PARMA MEDICAL CTR,102
175,MEDCENTRAL MANSFIELD HOSPITAL,101
176,LORAIN COMMUNITY HEALTH PARTNERSZ,100
177,MERCY HEALTH CENTER,99
178,ST ELIZABETH BOARDMAN CAMPUS,99
179,THOMAS MEMORIAL HOSPITAL,98
180,BRUNSWICK FSER,98
181,RIVERSIDE HOSPITAL,95
182,AHUJA MED CENTER,95
183,CHILDRENS MEDICAL CENTER,95
184,TIFFIN MERCY HOSPITAL,95
185,ST MARY HOSPITAL,95
186,UNIVERSITY HOSPITALS AHUJA MEDICAL CENTER,94
187,WARREN GENERAL HOSPITAL,94
188,PARKVIEW HOSPITAL,93
189,KNOX COMMUNITY HOSPITAL,93
190,BARBERTON CITIZEN HOSPITAL,92
191,MEMORIAL HOSPITAL OF SANDUSKY,92
192,GENESIS-GOOD SAMARITAN,91
193,KINDRED HOSP,90
194,SOLON MEDICAL CAMPUS,90
195,PIKEVILLE METHODIST HOSPITAL,89
196,HOLZER MEDICAL CENTER,87
197,OHIO STATE UNIVERSITY HOSPITAL,87
198,CAMDEN CLARK HOSPITAL,86
199,GALION COMMUNITY HOSPITAL,84
200,KINDRED HOSPITAL,83
201,HAMOT MEDICAL CENTER,81
202,MEADVILLE MEDICAL CENTER,81
203,ST ANNE MERCY HOSPITAL,81
204,INTERNATIONAL,78
205,KETTERING MEDICAL CENTER,77
206,ST MARY'S MEDICAL CTR,77
207,ST JOSEPH ANDOVER,76
208,WEST VIRGINIA RUBY MEMORIAL HOSPITAL,75
209,POMERENE HOSPITAL,75
210,ST JOHN WESTSHORE,73
211,MERCY HOSPITAL WILLARD,73
212,ST LUKES,73
213,WOOD COUNTY HOSPITAL,72
214,UNIVERSITY HOSPITALS OF CLEVELAND,72
215,MERCY HOSPITAL OF TIFFIN,72
216,BLANCHARD VALLEY REGIONAL HEALTH CTR,71
217,RALEIGH GENERAL HOSPITAL,70
218,MAGRUDER HOSPITAL,69
219,MOUNT CARMEL HOSPITAL EAST & MEDICAL CTR,69
220,UNIVERSITY OF TOLEDO MEDICAL CTR,67
221,CABELL-HUNTINGTON HOSPITAL,66
222,SELECT SPECIALTY HOSPITAL,65
223,ST LUKE'S HOSPITAL,64
224,ST VINCENT CHARITY HOSPITAL,64
225,MARTIN MEMORIAL HOSPITAL,63
226,CHRIST HOSPITAL,63
227,AULTMAN ORRVILLE HOSPITAL,62
228,ROBINSON MEMORIAL HOSPITAL,61
229,TRINITY HOSPITAL (WEST),61
230,BEDFORD MEDICAL CENTER,60
231,ST ELIZABETH AUSTINTOWN,60
232,LUTHERAN MEDICAL CENTER,60
233,KINGS DAUGHTERS MEDICAL CTR,59
234,ASHLAND SAMARITIAN HOSPITAL,59
235,CABELL HUNINGTON HOSPITAL,59
236,EAST OHIO REGIONAL HOSPITAL,58
237,JFK MEDICAL CENTER,58
238,WADSWORTH-RITTMAN HOSPITAL,58
239,BEAUMONT HOSPITAL,57
240,SOUTHWESS GENERAL HEALTH CENTER,56
241,ST VINCENT MERCY MEDICAL CENTER,56
242,ST JOSEPH HEALTH CTR,55
243,UNIVERSITY OF TOLEDO HOSPITAL,54
244,KINGS DAUGHTERS,54
245,ST LUKE'S,53
246,LICKING MEMORIAL HOSPITAL,52
247,KETTERING MEDICAL CTR,52
248,UPMC HORIZON,52
249,COSHOCTON COUNTY MEMORIAL HOSPITAL,52
250,MT CARMEL EAST,51
251,UNIVERSITY HOSPITALS BROWN MEMORIAL HOSP,51
252,MOUNT CARMEL EAST,50
253,SOUTH BUFFALO MERCY HOSPITAL,50
254,SHARON REGIONAL HOSPITAL,50
255,GOOD SAMARITAN HOSPITAL & HEALTH CENTER,50
256,MOUNT CARMEL WEST,49
257,ST MARY'S HOSPITAL,49
258,UNIVERSITY HOSPITALS CONNEAUT MEDICAL CENTER,48
259,MCLAREN REGIONAL,48
260,MEADVILLE MEDICAL CTR,47
261,OHIO STATE UNIVERSITY MEDICAL CTR,47
262,LUTHERAN HOSPITAL OF FORT WAYNE,47
263,ADENA REGIONAL MEDICAL CTR,47
264,GOOD SAMARITAN HOSPITAL,47
265,MILLARD FILLMORE HOSPITAL,46
266,DUBOIS REGIONAL MEDICAL CTR,45
267,FOSTORIA CITY HOSPITAL,45
268,BROWN MEMORIAL HOSP,45
269,ROBERT PACKER HOSPITAL,45
270,VETERANS ADMINISTRATION MEDICAL CTR,45
271,HENRY FORD MCCOMB,45
272,ST LUKES HOSPITAL,44
273,UNIVERSITY HOSPITALS GENEVA MEDICAL CENTER,44
274,ARNOT OGDEN MEDICAL CTR,44
275,BETHESDA NORTH HOSPITAL,43
276,SPRINGFIELD REGIONAL MEDICAL,43
277,ST JOSEPH HOSPITAL,42
278,VA MEDICAL CTR,42
279,MILLARD FILLMORE SUBURBAN HOSPITAL,42
280,NORTHSIDE MEDICAL CENTER,41
281,REGENCY WEST,41
282,GRANT MEDICAL CENTER,41
283,BUCYRUS COMMUNITY HOSPITAL,40
284,COMMUNITY HEALTH PARTNERS WEST,40
285,ST CHARLES MERCY HOSPITAL,40
286,OHIOHEALTH WESTERVILLE MEDICAL CAMPUS,40
287,HOLZER MEDICAL CTR,40
288,FREMONT MEDICAL CTR,40
289,UNIVERSITY HOSPITALS TWINSBURG HEALTH CENTER,39
290,HOLY CROSS HOSPITAL,39
291,ST ANN'S HOSPITAL,39
292,FAIRFIELD MEDICAL CENTER,39
293,WOMENS CHRISTIAN ASSOCIATION HOSPITAL,39
294,COVENANT HEALTH HOSPITAL,39
295,OHIO VALLEY MEDICAL CENTER,38
296,UNITED HOSPITAL CENTER,38
297,TRINITY MEDICAL CENTER WEST,38
298,BRUNSWICK FAMILY HEALTH CENTER EMERGENCY,38
299,CAMC,38
300,EMH AMHERST HOSPITAL,38
301,TITUSVILLE HOSPITAL,38
302,REGENCY HOSPITAL EAST,38
303,UPPER VALLEY MECICAL CENTER,37
304,DUBOIS MEDICAL CTN,37
305,MERCY HOSPITAL OF WILLARD,37
306,BRONSON METHODIST HOSPITAL,37
307,MCLAREN FLINT HOSPITAL,36
308,WESTSIDE REGIONAL MEDICAL CENTER,36
309,FLOWER MEMORIAL HOSPITAL,36
310,NAPLES COMMUNITY HOSPITAL,36
311,REGENCY HOSPITAL WEST,36
312,SUMMA HEALTH CENTER,36
313,MORROW COUNTY HOSPITAL,36
314,RICHMOND HTS GEN HOSPITAL,36
315,ADENA MEDICAL CENTER,36
316,MEMORIAL HOSPITAL,36
317,BAY PARKS HOSPITAL,35
318,GRANDVIEW HOSPITAL,35
319,CC-AVON FHC (RICHARD E. JACOBS FHC),35
320,WILSON MEMORIAL HOSPITAL,35
321,TRINITY MEDICAL CENTER EAST,34
322,PIKEVILLE MEDICAL CTR,34
323,EDWARD W SPARROW HOSPITAL,34
324,SOUTHERN OHIO MEDICAL CTR,34
325,ST JOHNS WEST SHORE,34
326,GENEVA GENERAL HOSPITAL,34
327,UNIVERSITY HOSPITALS BEDFORD MEDICAL CENTER,33
328,OHIO VALLEY MEDICAL CTR,33
329,LAKE HOSPITAL SYSTEMS EAST,33
330,MARTIN MEDICAL CTR,33
331,GENESYS REGIONAL MEDICAL CENTER,32
332,"STOW ED,AKRON GENERAL FREE STANDING",32
333,BOCA RATON COMMUNITY HOSPITAL,32
334,MILLCREEK COMMUNITY HOSPITAL,32
335,SOUTHEASTERN MEDICAL CENTER,32
336,SOUTHERN OHIO MEDICAL CENTER,31
337,RUBY MEMORIAL HOSPITAL,31
338,DEFIANCE REGIONAL MEDICAL CTR,31
339,AKRON GENERAL NORTH STOW,31
340,UNITED HOSPITAL CTR,31
341,SPRINGFIELD REGIONAL MEDICAL CTR,31
342,VAN WERT COUNTY HOSPITAL,30
343,DELRAY MEDICAL CENTER,30
344,HENRY FORD HOSPITAL,30
345,BEDFORD COMMUNITY ER,30
346,BORGESS MEDICAL CENTER,30
347,CLARION HOSPITAL,29
348,FULTON COUNTY HEALTH CENTER,29
349,BAY PARK COMMUNITY HOSPITAL,29
350,GRACE HOSPITAL,29
351,OBLENNESS MEMORIAL,29
352,REGENCY HOSPITAL,28
353,SPECIALTY HOSPITAL OF LORAIN,28
354,AKRON CHILDREN'S HOSPITAL MAHONING VALLE,28
355,MEMORIAL REGIONAL HOSPITAL,28
356,OLEAN GENERAL HOSPITAL,28
357,CC-BROADVIEW HTS MEDICAL CTR ED,28
358,JUPITER MEDICAL CENTER,28
359,ASHTABULA MEDICAL CENTER,28
360,SISTERS OF CHARITY HOSPITAL,28
361,BETHESDA,28
362,UPMC NORTHWEST,27
363,UNIVERSITY OF MICHIGAN HOSPITAL,27
364,WAYNE HOSPITAL,27
365,SOUTHEASTERN OHIO REGIONAL MED CTR,27
366,FAIRFIELD MEDICAL CTR,27
367,SUMMA AKRON CITY HOSPITAL,26
368,BROOKS MEMORIAL HOSPITAL,26
369,ADENA REGIONAL MEDICAL CENTER,26
370,DEFIANCE HOSPITAL,25
371,O BLENESS MEMORIAL HOSPITAL,25
372,BAPTIST HOSPITAL EAST,25
373,CCF CHILDRENS HOSP REHAB CTR,25
374,STRONG MEMORIAL HOSPITAL,25
375,SUMMA HEALTH SYSTEM,25
376,SPARROW HOSPITAL,25
377,CHILDRENS REHAB SHAKER,25
378,WEIRTON MEDICAL CTR,24
379,WCA HOSPITAL,24
380,UNIVERSITY HOSPITALS RICHMOND HTS MEDICAL CTR,24
381,SUMMA HEALTH SYSTEMS,24
382,MONONGALIA GENERAL HOSPITAL,24
383,WADSWORTH RITTMAN HOSP,23
384,GRANT MEDICAL CTR,23
385,SAINT ELIZABETH,23
386,WEIRTON MEDICAL CENTER,23
387,CHILDRENS REHAB HOSP,23
388,EMH REGIONAL HOSPITAL,23
389,MERCER COUNTY JOINT TOWNSHIP HOSPITAL,23
390,PALM BEACH GARDENS MEDICAL CENTER,22
391,AKRON GENERAL FREESTANDING EMERGENCY,22
392,KAISER PERMANENTE PARMA,22
393,O'BLENESS MEMORIAL HOSPITAL,22
394,WEST BOCA MEDICAL CENTER,22
395,SUMMA GREEN FSED,22
396,PRINCETON COMMUNITY HOSPITAL,22
397,JAMESON HOSPITAL,22
398,BROWARD HEALTH-CORAL SPRINGS,22
399,GOOD SAMARITAN,22
400,UPMC HORIZON-GREENVILLE REGIONAL HOSPITAL,22
401,TWIN CITY HOSPITAL,22
402,JOINT TOWNSHIP DISTRICT MEMORIAL HOSPITA,22
403,VIBRA HOSPITAL OF MAHONING  VALLEY,21
404,CC-TWINSBURG FHC,21
405,TRINITY WEST,21
406,CANTON HOSPITAL,21
407,CC BRUNSWICK,20
408,RICHMOND HEIGHTS GENERAL HOSPITAL,20
409,EMH AVON HEALTH CTR (ED),20
410,MARY RUTAN HOSPITAL,20
411,ST VINCENT MEDICAL CENTER,20
412,ALLIANANCE COMMUNITY,20
413,ST VINCENT HEALTH CENTER,19
414,KENMORE MERCY HOSPITAL,19
415,HERITAGE VALLEY,19
416,UPMC HORIZON-SHENANGO VALLEY MEDICAL CTR,19
417,SOUTHVIEW HOSPITAL,19
418,HARRISON COMMUNITY HOSPITAL,19
419,WYANDOT MEMORIAL HOSPITAL,19
420,AKRON GENERAL GREEN HOSPITAL FSER,19
421,PLEASANT VALLEY HOSPITAL,19
422,PHYSICIANS REGIONAL-COLLIER BOULEVARD,18
423,ST JOSEPHS HOSPITAL,18
424,SELECT SPECIALTY HOSPITAL - CANTON,18
425,CLINTON MEMORIAL HOSPITAL,18
426,UPMC NORTHWEST MEDICAL CTR,18
427,ST RITAS MEDICAL CENTER,18
428,GREENBRIER VALLEY MEDICAL CENTER,18
429,OUR LADY OF BELLEFONTE HOSPITAL,18
430,ST CLAIR MEMORIAL HOSPITAL,18
431,ST JOSEPH REGIONAL MEDICAL CTR,18
432,OUR LADY OF BELFONT,18
433,MT CARMEL WEST MEDICAL CENTER,18
434,SYCAMORE MEDICAL CENTER,18
435,ATRIUM MEDICAL CENTER,18
436,REID MEMORIAL HOSPITAL,18
437,DOCTORS HOSPITAL,18
438,UNIVERSITY HOSPITALS RAINBOW BABIES & CHILDRENS,17
439,LUTHERN MEDICAL CENTER,17
440,MOUNT CARMEL ST ANN'S,17
441,UNIVERSITY OF CINCINNATI HOSPITAL,17
442,LOGAN GENERAL HOSPITAL,17
443,CC-CHILDREN'S REHAB HOSPITAL,17
444,SAINT JOSEPH HEALTH CENTER,17
445,HOLSTON VALLEY HOSPITAL,17
446,ST FRANCIS HOSPITAL,17
447,PROMEDICA FOSTORIA,17
448,INDU & RAJ SOIN MEDICAL CENTER,17
449,MERCY WILLARD HOSPITAL,17
450,ST ELIZABETH MEDICAL CENTER,17
451,MCLAREN GREATER LANSING,16
452,TRADITION MEDICAL CTR,16
453,BUFFALO MERCY HOSPITAL,16
454,WASHINGTON HOSPITAL,16
455,GRADY MEMORIAL HOSPITAL,16
456,HIGHLAND DISTRICT HOSPITAL,16
457,MADISON COUNTY HOSPITAL,16
458,BETHESDA HOSPITAL WEST,16
459,ST ELIZABETH MEDICAL CTR,16
460,ERIE COUNTY MEDICAL CENTER,16
461,NORTHWEST MEDICAL CTR - MARGATE,16
462,BORGESS MEDICAL CTR,16
463,TRUMBELL MEMORIAL,16
464,TRINITY TWIN CITY HOSPITAL,15
465,VA HOSP,15
466,REYNOLDS MEMORIAL HOSPITAL,15
467,TRINITY HOSPITAL,15
468,MEDCENTRAL SHELBY HOSPITAL,15
469,FULTON COUNTY HEALTH CTR,15
470,MERCY HOSPITAL OF TOLEDO,15
471,JAMESON MEMORIAL HOSPITAL,15
472,AVENTURA HOSPITAL AND MEDICAL CTR,15
473,UPMC NORTHWEST MEDICAL CENTER,15
474,HENRY COUNTY HOSPITAL,15
475,BARBERTON HOSPITAL SUMMA HEALTH SYSTEM,15
476,SAINT VINCENT HEALTH CENTER,15
477,MERCY MEMORIAL HOSPITAL,15
478,UNIVERSITY HOSPITAL OF GENEVA,15
479,AKRON CHILDREN'S ER BOARDMAN,15
480,BRADFORD HOSPITAL,15
481,UPMC PRESBYTERIAN,15
482,DAVIS MEMORIAL HOSPITAL,15
483,CENTRAL BAPTIST HOSPITAL,14
484,JACKSON MEMORIAL HOSPITAL,14
485,PALM BEACH GARDENS MED CTR,14
486,UNIVERSITY HOSPITAL TWINSBURG,14
487,CORRY MEMORIAL HOSPITAL,14
488,ST LUCIE MEDICAL CTR,14
489,AVENTURA HOSPITAL,14
490,GROVE CITY MEDICAL CENTER,14
491,ST JOSEPH MERCY HOSPITAL,14
492,ST ELIZABETHS HOSPITAL,14
493,DUNLAP MEMORIAL HOSPITAL,14
494,GOOD SAMARITAN MEDICAL CTR,14
495,VIBRA HOSPITAL OF MAHONING VALLEY,14
496,BEDFORD COMMUNITY,14
497,UNIVERSITY HOSPITALS OF GENEVA,14
498,JEWISH HOSPITAL,14
499,LOGAN REGIONAL MEDICAL CTR,14
500,MERCY HOSPITAL OF DEFIANCE,13
501,SELECT SPECIALTY HOSPITAL- AKRON,13
502,UNIVERSITY HOSPITAL & MEDICAL CTR,13
503,SARASOTA MEMORIAL HOSPITAL,13
504,BUTLER MEMORIAL HOSPITAL,13
505,ALLEGHENY GENERAL HOSPITAL,13
506,INDIAN RIVER MEMORIAL HOSPITAL,13
507,GENESYS REGIONAL MEDICAL CTR,13
508,DUBLIN METHODIST,13
509,SAINT JOHN WEST SHORE,13
510,UPPER VALLEY MEDICAL CTR,13
511,WEST CHESTER HOSPITAL,13
512,UNIVERSITY HOSPITAL OF CLEVELAND,13
513,SUMMA HEALTH CENTER AT GREEN,13
514,ST THOMAS HOSPITAL,13
515,BETHESDA MEMORIAL HOSPITAL,13
516,HERITAGE VALLEY HOSPITAL,13
517,FLORIDA MEDICAL CENTER,12
518,SELECT SPECIALTY HOSPITAL - WARREN,12
519,CORNING HOSPITAL,12
520,UNIVERSITY OF KENTUCKY HOSPITAL,12
521,WRIGHT PATTERSON AFB MED CTR,12
522,ASHLAND SAMARITAN,12
523,PALMS WEST,12
524,BAPTIST HEALTH LEXINGTON,12
525,SYCAMORE HOSPITAL,12
526,SOUTH BUFFALO MERCY,12
527,TOLEDO CHILDREN'S HOSPITAL,12
528,ROCHESTER GENERAL HOSPITAL,12
529,WESTERN RESERVE CARE SYSTEM,12
530,BECKLEY ARH HOSPITAL,12
531,JOINT TOWNSHIP DISTRICT MEMORIAL HOSPITAL,11
532,UNIONTOWN HOSPITAL,11
533,ASHLAND REGIONAL MEDICAL CTR,11
534,WETZEL COUNTY HOSPITAL,11
535,BUTLER MEMORIAL,11
536,ST JOSEPH'S HOSPITAL,11
537,BAPTIST HOSPITAL,11
538,DUPONT HOSPITAL,11
539,MC CLAREN  HOSPITAL,11
540,WILLIAMSPORT HOSP & MED CNTR,11
541,AKRON CHILDREN'S HOSPITAL BOARDMAN,11
542,SOUTH EASTERN OHIO MEDICAL CENTER,11
543,NURSING HOME,11
544,CC-BRUNSWICK FHC,11
545,JUPITER MEDICAL CTR,11
546,FAIRMONT GENERAL HOSPITAL,11
547,SOIN MEDICAL CENTER,11
548,VETERANS AFFAIRS HOSPITAL,11
549,ST JOESPH OF ANDOVER,11
550,VAN WERT COMMUNITY HOSPITAL,11
551,SELECT SPECIALTY HOSPITAL - YOUNGSTOWN,11
552,BROWARD GENERAL,11
553,CENTENNIAL MEDICAL CENTER,10
554,GOSHEN GENERAL HOSPITAL,10
555,GRACE BEDFORD,10
556,MEMORIAL HOSPITAL-WEST,10
557,BROOKVILLE HOSPITAL,10
558,CONEMAUGH VALLEY MEMORIAL HOSPITAL,10
559,RAULERSON HOSPITAL,10
560,LAWNWOOD REGIONAL MEDICAL CTR,10
561,SUMMERSVILLE MEMORIAL HOSPITAL,10
562,BECKLEY REGIONAL HOSPITAL,10
563,HENRY FORD MACOMB HOSPITAL,10
564,BARNESVILLE HOSPITAL,10
565,MEMORIAL HOSPITAL PEMBROKE,10
566,SPECTRUM HEALTH,10
567,ALLEGIANCE HEALTH,10
568,SAINT VINCENT CHARITY HOSPITAL,10
569,CLEARFIELD HOSPITAL,10
570,CINCINNATI CHILDREN'S HOSPITAL,10
571,GULF COAST MEDICAL CTR,10
572,CUYAHOGA FALLS GENERAL HOSPITAL,9
573,MEMORIAL HOSPITAL OF UNION COUNTY,9
574,WEST VIRGINIA RUBY HOSPITAL,9
575,WELLINGTON REGIONAL MEDICAL CENTER,9
576,CROUSE HOSPITAL,9
577,JACKSON GENERAL HOSPITAL,9
578,DELRAY MEDICAL CTR,9
579,DILEY RIDGE MEDICAL CENTER,9
580,DOCTORS HOSPITAL WEST,9
581,SPECTRUM HEALTH BUTTERWORTH HOSPITAL,9
582,MERCY HOSPITAL ED,9
583,MCLAREN BAY REGIONAL HOSPITAL,9
584,PROVIDENCE PARK HOSPITAL,9
585,NATIONWIDE CHILDREN'S HOSPITAL,9
586,EDWIN SHAW HOSPITAL,9
587,MERCY HOSPITAL FAIRFIELD,9
588,ALTOONA HOSPITAL,9
589,MCLAREN HOSPITAL,9
590,MCLAREN MACOMB,8
591,GROVE CITY MEDICAL CTR,8
592,HILLSDALE COMMUNITY HEALTH CTR,8
593,LAPEER REGIONAL HOSPITAL,8
594,PAULDING COUNTY HOSPITAL,8
595,MCLAREN BAY REGION,8
596,METHODIST HOSPITAL,8
597,MUNSON MEDICAL CENTER,8
598,ELK REGIONAL HEALTH CTR,8
599,CC-BEACHWOOD FHC,8
600,COSHOCTON CO MEMORIAL HOSPITAL,8
601,SELECT SPECIALY HOSPITAL,8
602,FORBES REGIONAL HEALTH CENTER,8
603,ATRIUM MEDICAL HOSPITAL,8
604,SOUTH EAST OH REG MED CTR,8
605,SPRINGFIELD COMMUNITY HOSPITAL,8
606,ST JOESPH,8
607,WELLINGTON REGIONAL MEDICAL CTR,8
608,BROWARD GENERAL MEDICAL CTR,8
609,WESTSIDE REGIONAL MEDICAL CTR,8
610,UNITED HEALTH SERVICES GENERAL HOSPITAL,8
611,CROUSE IRVING MEMORIAL HOSPITAL,8
612,BROADWAY MEDICAL,8
613,BUFFALO VA HOSPITAL,8
614,CC-WESTON FLORIDA,8
615,THE MEDICAL CENTER INC,8
616,WYOMING COUNTY COMMUNITY HOSPITAL,8
617,ROANE GENERAL HOSPITAL,8
618,CAMC TEAYS VALLEY HOSPITAL,8
619,CABELL HUNTINGTON HOSPITAL,8
620,HOME CARE,7
621,PARKWEST HOSPITAL,7
622,ST MARYS,7
623,FIRELANDS REGIONAL MEDICAL CENTER,7
624,UPMC - SOUTHSIDE,7
625,FAYETTE COUNTY MEMORIAL HOSPITAL,7
626,MARTIN MEMORIAL NORTH,7
627,BAY REGIONAL MEDICAL CENTER,7
628,MERCY ADULT MEDICAL CENTER,7
629,BERGER HOSPITAL,7
630,BRYAN COMMUNITY HOSPITAL,7
631,ST ELIZABETH HOSPITAL & MEDICAL CENTER,7
632,DU BOIS REGIONAL MEDICAL CENTER,7
633,ST ELIZABETH'S,7
634,INGHAM MEDICAL CENTER,7
635,NORTHWESTERN MEMORIAL HOSPITAL,7
636,TRINITY HOSPITAL (EAST),7
637,COMMUNITY HEALTH CENTER OF BRANCH COUNTY,7
638,JOEL PARERENE HOSPITAL,7
639,COMMUNITY HOSPITAL OF WILLIAMS COUNTY,7
640,MUNSON MEDICAL CTR,7
641,PASSAVANT HOSPITAL,7
642,GRANT HOSPITAL,7
643,PIKEVILLE MEDICAL CENTER,7
644,SAINT RITAS MEDICAL CENTER,7
645,GREENE MEMORIAL HOSPITAL,7
646,FORUM HEALTH,7
647,HATTIE LARLHAM,7
648,PORTER MEMORIAL HOSPITAL,7
649,HUNTINGTON VA MEDICAL CTR,6
650,ALLEGANY GENERAL,6
651,MCLAREN MACOMB HOSPITAL,6
652,SOUTHEASTERN OHIO REGIONAL MEDICAL CTR,6
653,KALEIDA MEMORIAL HOSP,6
654,GREENBRIER MEDICAL CTR,6
655,MARQUETTE GENERAL HOSPITAL,6
656,HARDIN MEMORIAL HOSPITAL,6
657,SAINT JOSEPH HOSPITAL,6
658,METHODIST HOSPITAL OF INDIANA INC,6
659,TRIUMPH MANSFIELD,6
660,HURLEY MEDICAL CENTER,6
661,MERCY HOSPITAL - ANDERSON,6
662,INOVA FAIRFAX HOSPITAL,6
663,SAINT JOSEPHS ANDOVER,6
664,CC-INDEPENDENCE FHC,6
665,OAKWOOD HOSPITAL,6
666,KETTERING EMERGENCY CTR,6
667,ST ELIZABETH SOUTH,6
668,INDIANA REGIONAL MEDICAL CTR,6
669,ST JOHN MACOMB HOSPITAL,6
670,ERIE COUNTY MED CTR,6
671,MID MICHIGAN MEDICAL CENTER,6
672,JOHNSON CITY MEDICAL CENTER,6
673,ST. ELIZABETH,6
674,LEE MEMORIAL HOSPITAL,6
675,UNITED MEMORIAL MEDICAL CENTER,6
676,MINNIE HAMILTON HEALTH CARE,6
677,SELBY GENERAL HOSPITAL,6
678,MILLARD FILLMORE GATES CIRCLE HOSPITAL,6
679,SAINT FRANCIS HOSP,6
680,MON GENERAL HOSPITAL,6
681,CC-AVON LAKE FHC,6
682,BARNESVILLE GENERAL HOSPITAL,6
683,BROWARD HEALTH-IMPERIAL POINT,6
684,CARLE FOUNDATION HOSPITAL,6
685,CHARLES COLE MEMORIAL HOSPITAL,6
686,ALLEGHANY GENERAL HOSPITAL,6
687,CAPE CORAL HOSPITAL,6
688,MAC GRUGER HOSPITAL,6
689,CAMERON MEMORIAL COMMUNITY HOSP,6
690,GOOD SAMARITAN REGIONAL MEDICAL CTR,6
691,ST MARY'S OF MICHIGAN,6
692,JONES MEMORIAL HOSPITAL,5
693,CONEMAUGH MEMORIAL MEDICAL CTR,5
694,NATIONWIDE CHILDRENS HOSPITAL,5
695,COMMUNITY HOSPITAL OF WILLIAMS COUNTY - BRYAN,5
696,JOHNSON CITY MEDICAL CTR,5
697,ST JOSEPH MEDICAL CENTER,5
698,MCLAREN LAPEER REGION,5
699,WRIGHT PATTERSON MEDICAL CTR,5
700,KINDRED HOSPITAL CLEVELAND GATEWAY,5
701,ADAMS MEMORIAL HOSPITAL,5
702,ST MARY MEDICAL CTR,5
703,ST. JOSEPH RIVERSIDE,5
704,ACUTE CARE SPECIALTY HOSPITAL OF AULTMAN,5
705,CC-AVON POINTE FHC,5
706,ST VINCENT INDIANAPOLIS HOSPITAL,5
707,MIDMICHIGAN MEDICAL CTR,5
708,LORAIN COMM HEALTH PARTNER,5
709,SYRACUSE HOSPITAL,5
710,TENNOVA PHYSICIANS REGIONAL MEDICAL CTR,5
711,PUNXSUTAWNEY AREA HOSPITAL,5
712,GOOD SAMARITAN ED,5
713,REGENCY HOSPITAL OF TOLEDO,5
714,MOUNT ST MARYS HOSPITAL OF NIA,5
715,KINDRED HOSPITAL DAYTON,5
716,GUTHRIE CLINIC,5
717,MT CARAMEL ST ANN'S HOSPITAL,5
718,CLEVELAND CLINIC,5
719,CLEVELAND CLINIC FLORIDA,5
720,PROVIDENCE HOSPITAL,5
721,BUTTERWORTH HOSPITAL,5
722,MT NITTANY MEDICAL CTR,5
723,BROWN MEMORIAL HOSPITAL,5
724,DUBOIS REGIONAL MEDICAL CENTER (W CAMP),5
725,PRESBYTERIAN HOSPITAL,5
726,WESTMORELAND REGIONAL HOSPITAL,5
727,UPSTATE UNIVERSITY HOSPITAL,5
728,HURON MEDICAL CENTER,5
729,WESTERN PENNSYLVANIA HOSPITAL,5
730,ELK REGIONAL HEALTH CENTER,5
731,PLANTATION GENERAL HOSPITAL,5
732,ELLIS HOSPITAL,5
733,MCLAREN CENTRAL MICHIGAN,5
734,SOUTHERN OHIO MEDICAL HOSPITAL,5
735,OSU MEDICAL CENTER,5
736,UNIVERSITY OF MICHIGAN HOSPITALS,5
737,EMH NORTH RIDGEVILLE CAMPUS,5
738,MERCER COUNTY TWSP HOSPITAL,5
739,HEALTHPARK MEDICAL CTR,5
740,HOCKING VALLEY COMMUNITY HOSPITAL,5
741,OWENSBORO MERCY HEALTH SYSTEM,5
742,BLANCHARD VALLEY HEALTH,5
743,HURON VALLEY SINAI HOSPITAL,5
744,FORBES REGIONAL HEALTH CTR,5
745,VETERANS HOSPITAL,5
746,DAYTON CHILDRENS HOSPITAL,5
747,SELECT SPECIALTY HOSPITAL ERIE,5
748,ST JOHN MEDICAL CENTER,5
749,SELECT SPECIALITY HOSPITAL,5
750,UNIVERSITY HOSPITAL GENEVA MED CENTER,5
751,PORT HURON HOSPITAL,5
752,FLORIDA HOSPITAL (MAIN CAMPUS),5
753,WESTCHESTER MEDICAL CENTER,5
754,PIKE COMMUNITY HOSPITAL,5
755,MERCY HOSPITAL NORTHWEST ARKANSAS,5
756,BOONE MEMORIAL HOSPITAL,5
757,MAIMONIDES MEDICAL CTR,5
758,MERCY HOSPITAL - FAIRFIELD,5
759,HARPER HOSPITAL,5
760,UPMC HORZION GREENVILLE,4
761,SUNY HEALTH CENTER,4
762,BATTLE CREEK HEALTH SYSTEM,4
763,CAYUGA MEDICAL CENTER AT ITHACA,4
764,MC LAREN GENERAL HOSPITAL,4
765,MEMORIAL HOSPITAL OF SOUTH BEND,4
766,BAY MEDICAL CENTER,4
767,ARMSTRONG COUNTY MEMORIAL,4
768,MERCY ANDERSON,4
769,METRO HEALTH HOSPITAL,4
770,UNIVERSITY OF PITTSBURGH MED CTN,4
771,BROWARD HEALTH-NORTH,4
772,WEST PALM BEACH VA MEDICAL CTR,4
773,BRYAN HOSPITAL,4
774,BUFFALO CHILDREN HOSPITAL,4
775,UNIVERSITY HOSPITAL UNIV OF CINCINNATI,4
776,UNIVERSITY HOSPITALS BEDFORD,4
777,MERCY TIFFIN HOSPITAL,4
778,UNIVERSITY OF CHICAGO,4
779,MERCY HEALTH PARTNERS,4
780,BIXBY MEMORIAL HOSPITAL,4
781,MAINE MEDICAL CENTER,4
782,BETHESDA ED,4
783,BELMONT COMMUNITY HOSPITAL,4
784,TRINITY HEALTH SYSTEM,4
785,AKRON GENERAL HEALTH CARE CENT,4
786,UNIVERSITY OF MIAMI HOSPITAL,4
787,TEAYS VALLEY HOSPITAL,4
788,WEST SHORE HOSPITAL,4
789,MEMORIAL HOSPITAL MIRAMAR,4
790,SPARRO HOSPITAL,4
791,DE GRAFF MEMORIAL HOSPITAL,4
792,CLERMONT MERCY HOSPITAL,4
793,FLOYD MEMORIAL HOSPITAL,4
794,COLUMBIA MERCY MEDICAL CENTER,4
795,COLUMBUS REGIONAL HOSPITAL,4
796,SISTERVILLE GENERAL HOSP,4
797,FLORIDA HOSPITAL TAMPA BAY DIVISION,4
798,ST JOSEPH MERCY OAKLAND,4
799,LATROBE AREA HOSPITAL,4
800,NORTON AUDUBON HOSPITAL,4
801,SELECT SPECIALTY HOSPITAL-CHARLESTON,4
802,SELECT SPECIALTY HOSPITAL-COLUMBUS,4
803,PALMETTO GENERAL HOSPITAL,4
804,JEWISH HOSPITAL OF LOUISVILLE,4
805,PALMS WEST HOSPITAL,4
806,JEWISH HOSPITAL OF CINCINNATI,4
807,DEACONESS HOSPITAL,4
808,HILTON HEAD HOSPITAL,4
809,HILLSIDE REHABILITATION HOSPITAL,4
810,DAYTON VA HOSP,4
811,MOUNT ST MARY'S HOSPITAL,4
812,INDIANA UNIVERSITY HOSPITAL,4
813,OAKLAWN HOSPITAL,4
814,MOUNT NITTANY MEDICAL CENTER,4
815,ELKHART GENERAL HOSPITAL,4
816,CC-WOOSTER FHC,4
817,ST VINCENT ANDERSON REGIONAL HOSPITAL,4
818,ST ALEXIUS MEDICAL CENTER,4
819,ROME MEMORIAL HOSPITAL,4
820,OSU MEDICAL CENTER RHODES HALL,4
821,GEISINGER MEDICAL CTR,4
822,GEISINGER MEDICAL CENTER,4
823,ST JOHN HOSPITAL,4
824,SAINT ELIZABETH HOSPITAL,4
825,HURLEY MEDICAL CTR,4
826,HOCKING VALLEY HOSPITAL,4
827,ST CLAIRE MEDICAL CENTER,4
828,PLATEAU MEDICAL CTR,4
829,SAMARITAN MEDICAL CENTER,4
830,HURON REGINAL MEDICAL CENTER,4
831,CHILDRENS HOSPITAL,4
832,KOSCIUSKO COMMUNITY HOSPITAL,4
833,ERLANGER MEDICAL CENTER,3
834,HOLLAND COMMUNITY HOSPITAL,3
835,LOCKPORT MEMORIAL HOSPITAL,3
836,HILLSIDE REHAB HOSPITAL,3
837,HAZARD ARH MED CTR,3
838,ACUITY HOSPITAL,3
839,GOSHEN GENERAL HOSIPTAL,3
840,GEISINGER WYOMING VALLEY MEDICAL CTR,3
841,ADVOCATE LUTHERAN HOSPITAL,3
842,AHUJA TWINSBURG ER,3
843,HAMMOT MEDICAL CENTER,3
844,GEISINGER COMMUNITY MEDICAL CENTER,3
845,FORT SANDERS REGIONAL MEDICAL CENTER,3
846,HILLSDALE COMMUNITY CTR,3
847,FORT HAMILTON HOSPITAL,3
848,HERITAGE VALLEY BEAVER,3
849,HERRICK MEMORIAL HOSPITAL,3
850,EMH AVON HEALTH CTR,3
851,HILLCREST MEDICAL CTR,3
852,FIRLANDS HOSPITAL,3
853,AVENTURA HOSPITAL ED,3
854,HIGHLANDS REGIONAL MEDICAL CENTER,3
855,DEKALB MEMORIAL HOSPITAL,3
856,EMH AVON HEALTH CENTER EMERGENCY DEPT,3
857,CARILION GILES COMM HOSP,3
858,CHILDRENS MERCY HOSPITAL,3
859,CAMDEN-CLARK MEMORIAL HOSPITAL,3
860,CHARLESTON WOMAN & CHILDRENS HOSPITAL,3
861,LAKE CUMBERLAND REGIONAL HOSPI,3
862,CAMERON MEMORIAL COMMUNITY HOSPITAL,3
863,CHARLESTON MEDICAL CENTER,3
864,CHARLES H HUBER HEALTHCENTER,3
865,CARILION GILES COMMUNITY HOSPITAL,3
866,KENTUCKIANA MEDICAL CENTER,3
867,CHAMBERSBURG HOSPITAL,3
868,LAKELAND,3
869,LAKELAND REGIONAL MEDICAL CENTER,3
870,CHAGRIN HIGHLANDS URGENT CARE,3
871,CAYUGA MED CTR AT ITHACA,3
872,CENTRAL DUPAGE HOSPITAL,3
873,LAPORTE HOSPITAL,3
874,KINDRED LTAC,3
875,COMMUNITY MEMORIAL HOSPITAL,3
876,HUNTSVILLE HOSPITAL,3
877,JAMISON HOSPITAL,3
878,ELK COUNTY REGIONAL MEDICAL CENTER,3
879,BIXBY MEMORIAL,3
880,DOCTORS HOSPITAL NORTH,3
881,BLUEFIELD REGIONAL MEDICAL CENTER,3
882,DEFIANCE REGIONAL MEDICAL CENTER,3
883,BRISTOL  REGIONAL MEDICAL CENTER,3
884,BRISTOL REGIONAL MEDICAL CTR,3
885,JEFFERSON HOSPITAL,3
886,KAISER CLEVELAND HTS,3
887,JEFFERSON REGIONAL MEDICAL CTR,3
888,BROWN COUNTY GENERAL HOSPITAL,3
889,JOEL POMERENE HOSPITAL,3
890,JOHNS HOPKINS HOSPITAL,3
891,CRITTENTON HILLS HOSPITAL,3
892,COX SOUTH MEMORIAL HOSP,3
893,COVENANT HEALTHCARE,3
894,COMMUNITY GENERAL HOSPITAL,3
895,ABBOTT-NORTHWESTERN,3
896,NORTON HOSPITAL,3
897,UNIVERSITY HOSPITAL AHUJA,3
898,ST VINCENT HOSPITAL,3
899,UHHS TWINSBURG URGENT CARE,3
900,UNION CITY MEMORIAL HOSPITAL,3
901,METHODIST MEDICAL CENTER OF OAK RIDGE,3
902,MERCY WESTERN HOSPITAL,3
903,UNION COUNTY HOSPITAL,3
904,UNITED HEALTH SERVICES - WILSON MEDICAL CTR,3
905,MT ORAB FREESTANDING EMERGENCY,3
906,UNIVERSITY HOSPITAL OF CINCINNATTI,3
907,ST VINCENTS CHARITY HOSPITAL,3
908,MERCY HEALTH SYSTEM,3
909,WESTFIELD MEMORIAL HOSPITAL,3
910,SOLDIERS AND SAILORS HOSPITAL,3
911,SOUTHWEST FLORIDA REGIONAL MED CTR,3
912,OWENSBORO MEDICAL CENTER,3
913,ST BARNABAS MEDICAL CENTER,3
914,UNIVERSITY OF TENNESSEE MEMORIAL HOSPITA,3
915,MERCY GENERAL HOSPITAL,3
916,UPMC EAST,3
917,MOUNT SAINT MARYS HOSPITAL,3
918,NIAGARA FALLS MEMORIAL MEDICAL CENTER,3
919,ROSWELL PARK CANCER INSTITUTE,3
920,VA MEDICAL CENTER,3
921,REGENCY HOSPITAL OF AKRON,3
922,SUMMERLIN HOSPITAL,3
923,VALLEY HOSPITAL,3
924,REID HOSPITAL AND HEALTH SERVICES,3
925,RHODE ISLAND HOSPITAL,3
926,VANDERBILT MEDICAL CENTER,3
927,STURGIS HOSPITAL,3
928,THREE RIVERS MEDICAL CENTER,3
929,UPMC PASSAVANT-MCCANDLESS,3
930,THREE RIVERS MEDICAL CTR,3
931,UNIVERSITY OF ILLINOIS MEDICAL CENTER,3
932,ST. VINCENT'S CHARITY HOSPITAL,3
933,TROY COMMUNITY HOSPITAL,3
934,SAINT VINCENT HOSPITAL,3
935,VIA CHRISTI HOSPITAL NORTH ST. FRANCIS,3
936,UPMC SHADYSIDE,3
937,ST. JOSEPH'S HOSPITAL,3
938,ST CLAIRE REGIONAL,3
939,SISTERSVILLE GENERAL HOSPITAL,3
940,NIAGARA FALLS MEMORIAL MEDICAL CTR,3
941,WILLIAMSPORT HOSPITAL MEDICAL CTR,3
942,ST JAMES MERCY HEALTH,3
943,NORTH COLLIAR HOSPITAL NORTH NAPLES HOSPITAL,3
944,UNIVERSITY OF PENNSYLVANIA HOSPITAL,3
945,NORTHERN MICHIGAN HOSPTIAL,3
946,MEDINA MEMORIAL HOSPITAL,3
947,ST JOHN'S WESTSHORE,3
948,NORTHSIDE HOSPITAL,3
949,ST JOSEPH - LONDON,3
950,ST LUKE,3
951,ST JOSEPHS MEDICAL CENTER,3
952,ST JOSEPH HOSPITAL AND HEALTH CENTER,3
953,OAKWOOD HOSPITAL & MEDICAL CTR,3
954,UNIVERSITY OF KANSAS,3
955,NOVANT HEALTH PRESBYTERIAN,3
956,NORTON SUBURBAN HOSPITAL,3
957,UNIVERSITY OF IOWA HOSPITAL,3
958,UNIVERSITY OF FLORIDA HEALTH SHANDS HOSPITAL,3
959,WINCHESTER MEDICAL CENTER,3
960,SUMMERSVILLE HOSPITAL,3
961,WILLIAMSON MEMORIAL HOSPITAL,3
962,ST FRANCIS HEALTH-INDIANAPOLIS,3
963,ST ELIZABETH MEDICAL CENTER SOUTH,3
964,ST FRANCIS MEDICAL CENTER,3
965,WILKES-BARRE GENERAL,3
966,ST LUKES HOSPITAL OF KANSAS CITY,3
967,PARKWEST MEDICAL CTR,2
968,PRESBYTERIAN UNIVERSITY HOSPITAL,2
969,TWINSBURG UH FSED,2
970,TRIUMPH HOSPITAL OF LIMA,2
971,BLAKE MEDICAL CTR,2
972,HANCOCK MEMORIAL HOSPITAL,2
973,PALOS COMMUNITY HOSPITAL,2
974,TORONTO GENERAL,2
975,UNIVERSITY HOSPITALS MEDINA HEALTH CTR URGENT CARE,2
976,HACKLEY HOSPITAL AND MEDICAL CTR,2
977,INDIANA HEART HOSPITAL,2
978,UNIVERSITY OF CINCINATI,2
979,INDIANA HOSPITAL,2
980,PRESENCE HEALTH,2
981,GULF COAST MEDICAL CENTER,2
982,BRIGHAM WOMENS HOSPITAL,2
983,HOLMES REGIONAL MEDICAL CENTER,2
984,HOLY SPIRIT HOSPITAL,2
985,THOMPSON HEALTH HOSPITAL,2
986,HOLMES REGIONAL MEDICAL CTR,2
987,CANONSBURG GENERAL HOSPITAL,2
988,CAROLINA MEDICAL CENTER,2
989,NORTON HOSPITAL/KOSAIR CHILDREN'S HOSPIT,2
990,PARK WEST HOSPITAL,2
991,HARTFORD HOSPITAL,2
992,BOTSFORD GENERAL HOSPITAL,2
993,SUMMIT MEDICAL CENTER,2
994,BROWARD GENERAL MEDICAL CENTER,2
995,UNITY HOSPITAL,2
996,HERSHEY MEDICAL CENTER,2
997,UNITY HEALTH,2
998,BOSTON CHILDRENS HOSPITAL,2
999,HERRICK MEMORIAL HOSP,2
1000,PENN STATE HERSHEY MEDICAL CTR,2
1001,HENRY FORD WEST BLOOMFIELD HOSPITAL,2
1002,HENRY FORD WEST BLOOFIELD HOSPITAL,2
1003,UNIVERSITY HOSPITAL OF SYRACUSE,2
1004,PHYSICIANS REGIONAL,2
1005,HOMESTEAD HOSPITAL,2
1006,BRONSON BATTLE CREEK HOSPITAL,2
1007,BLUEFIELD REGIONAL MED CTR,2
1008,UMPC PASSAVANT,2
1009,BRADFORD REGIONAL MEDICAL CENTER,2
1010,UNIVERSITY HOSPITALS PARMA MEDICAL CNTR,2
1011,OHIO VALLEY   MARTINS FERRY,2
1012,OHIO STATE UNIV EAST,2
1013,HEATHERHILL HILL HOSPITAL,2
1014,PARKVIEW WHITLEY HOSPITAL,2
1015,UH WESTLAKE HEALTH CENTER URGENT CARE,2
1016,UNIVERSITY OF ALABAMA,2
1017,BRYAN HOSPITALS COMMUNITY HOSPITALS AND,2
1018,BLODGETT MEMORIAL MEDICAL CENTER,2
1019,UNIVERSITY HOSPITALS BEDFORD MEDICAL CTR,2
1020,GRAND STRAND GENERAL HOSPITAL,2
1021,CHEYENNE REGIONAL MEDICAL CENTER,2
1022,ST JAMES MERCY HOSPITAL,2
1023,DESERT SPRINGS HOSPITAL,2
1024,CLIFTON SPRINGS HOSPITAL,2
1025,ST FRANCIS HEART CENTER,2
1026,CLEVELAND CLINC WESTON,2
1027,ST ELIZABETH HEALTH FLORENCE,2
1028,DUKE UNIVERSITY MEDICAL CENTER,2
1029,ST DOMINIC JACKSON MEMORIAL HOSPITAL,2
1030,EAST TENNESSEE CHILDRENS HOSPITAL,2
1031,CITY HOSPITAL,2
1032,EDWARD W. SPARROW HOSPITAL,2
1033,ST MARY MEDICAL CENTER,2
1034,ST ANTHONY'S MEDICAL CENTER,2
1035,CHRISTUS ST VINCENT REGIONAL MEDICAL CEN,2
1036,ELMWOOD HEALTHCARE CENTER AT THE SPRINGS,2
1037,SOMERSET HOSPITAL,2
1038,CHILDRENS HOSPITAL MAIN,2
1039,ST JOE HOSPITAL,2
1040,ST JOESPH HOSPITAL,2
1041,ST JOESPH MERCY,2
1042,ST JOSEPH HOSPITAL PONTIAC,2
1043,ST JOSEPH'S HOSPITAL OF BUCKHANNON,2
1044,COMMUNITY HOSPITAL ANDERSON,2
1045,COMMUNITY HOSPITAL AND WELLNESS CENTER,2
1046,CORAL SPRINGS MEDICAL CENTER ED,2
1047,CORNERSTONE HOSPITAL OF HUNTINGTON,2
1048,ST JOSEPHS,2
1049,ST JOSEPH MEDICAL CTR,2
1050,ST JOSEPH HOSPITAL OF CHEEKTOWAGA,2
1051,DEACONESS GATEWAY HOSPITAL,2
1052,ST JOSEPH EMERGENCY & DIAGNOSTIC CTR,2
1053,ST JOHNS WESTSHORE HOSPITAL,2
1054,ST JOHNS MEDICAL CENTER,2
1055,COLUMBIA PRESBYTERIAN MEDICAL CENTER,2
1056,COLUMBIA HOSPITAL,2
1057,COLDWATER COMMUNITY HOSPITAL,2
1058,ST JOESPH'S COLUMBIA HOSPITAL,2
1059,EMORY UNIVERSITY HOSPITAL,2
1060,EUCLID REHAB HOSPITAL,2
1061,SUMMERS COUNTY ARH HOSPITAL,2
1062,CHELSEA COMMUNITY HOSPITAL,2
1063,SCCI,2
1064,ST. ELIZABETH MEDICAL CENTER,2
1065,FORT HAMILTON-HUGHES MEM. HOSPITAL,2
1066,FORT SANDERS REGIONAL MED CTR,2
1067,FREEMAN HOSPITAL,2
1068,SAINT MARY'S HOSPITAL,2
1069,CC-LORAIN FHC,2
1070,SAINT JOSEPH REGIONAL MEDICAL,2
1071,RUSH UNIVERSITY MEDICAL CTR,2
1072,STORMONT VAIL HOSPITAL,2
1073,GENESIS REGIONAL MED CTR,2
1074,STOUDER MEMORIAL HOSPITAL,2
1075,ROSE MEDICAL CENTER,2
1076,ROANOKE MEMORIAL HOSPITAL,2
1077,RIVERSIDE MERCY HOSPITAL,2
1078,REGIONAL MEDICAL CENTER,2
1079,GRACE HOSPITAL-SOUTH POINTE,2
1080,ST VINCENTS HOSPITAL,2
1081,FLOWERS HOSPITAL,2
1082,CC-STRONGSVILLE FHC,2
1083,ST PETERS HOSPITAL,2
1084,SHAWNEE MISSION MEDICAL CENTER,2
1085,SHAWNEE MISSION,2
1086,ST MARYS MEDICAL CENTER,2
1087,CHARLES H. HUBER HEALTH CTR,2
1088,SEWICKLEY VALLEY HOSPITAL,2
1089,CHARLES COLE MEMORIAL,2
1090,SENTARA LEIGH HOSPITAL,2
1091,SENTARA BAYSIDE MED CTR,2
1092,ST VINCENT INFIRMARY MEDICAL CENTER,2
1093,SELECT SPECIALTY HOSPTIAL,2
1094,ST RITA PUTNAM AMBLATORY CARE CENTER,2
1095,FLAGLER HOSPITAL,2
1096,ST VICENT'S,2
1097,FLORIDA HOSPITAL HEARTLAND DIVISION,2
1098,CENTEGRA HOSPITAL MCHENRY,2
1099,FLORIDA HOSPITAL SOUTH,2
1100,SACRED HEART HOSPITAL,2
1101,COMMUNITY HOSPITALS,2
1102,IOWA METHODIST MEDICAL CENTER,2
1103,WHITESBURG APPALACHIAN REGIONA,2
1104,MONONGAHELA VALLEY HOSPITALS INC,2
1105,BAPTIST HEALTH MADISONVILLE,2
1106,MERCY HEALTH - WESTERN HILLS HOSPITAL,2
1107,WESTLAKE HEALTHCARE,2
1108,BAPTIST HEALTH MEDICAL CTR,2
1109,ALBANY MEDICAL CTR,2
1110,MONTPELIER HOSPITAL,2
1111,LAKE HOSPITAL,2
1112,MERCY EMERGENCY SERVICES,2
1113,MORTON PLANT HOSPITAL,2
1114,MARTHA JEFFERSON HOSPITAL,2
1115,KANE HOSPITAL,2
1116,UPMC PRESBYTERIAN HOSPITAL,2
1117,UPMC MONTEFIORE,2
1118,MENORAH PK CTR FOR THE AGING,2
1119,MOUNT SINAI MEDICAL CTR,2
1120,MOUNTAIN VIEW REGIONAL MEDICAL CENTER,2
1121,WHITESBURG APPALACHIAN REGIONAL HOSPITAL,2
1122,MASSACHUSETTS GENERAL HOSPITAL,2
1123,MASSILLION COMMUNITY HOSPITAL,2
1124,MT SINAI MEDICAL CTR,2
1125,MC CULLOUGH HYDE MEMORIAL HOSPITAL,2
1126,LANCASTER GENERAL HOSPITAL,2
1127,BAPTIST EAST HOSPITAL,2
1128,MINNIE HAMILTON HEALTH SYSTEM,2
1129,MERCY HEALTH MERCY CAMPUS,2
1130,LOWER KEYS MEDICAL CTR,2
1131,LOVELACE WOMEN'S HOSPITAL,2
1132,LOURDES HOSPITAL,2
1133,VIRGINIA COMMONWEALTH HEALTH CENTER,2
1134,LORAIN MEDICAL CENTER,2
1135,ASHLAND SAMARITAN HOSPITAL,2
1136,MIDDLE TENNESEE MEDICAL CENTER,2
1137,ASPIRUS WAUSAU HOSPITAL,2
1138,ALTMAN,2
1139,MERCY PERRYSBURG ER,2
1140,LIFE LINE HOSPITAL,2
1141,LIFE CARE HOSPITAL OF DAYTON,2
1142,VETERANS ADMINISTRATION MEDICAL CENTER,2
1143,WESLEY MEDICAL CENTER,2
1144,LEXINGTON HOSPITAL,2
1145,WEST BRANCH REGIONAL MEDICAL CENTER,2
1146,LEWIS GALE MEDICAL CENTER,2
1147,VANDERBILT HOSPITAL,2
1148,MAHONING VALLEY,2
1149,WESTERN MARYLAND HEALTH SYSTEM,2
1150,MERCY HOSPITAL ANDERSON,2
1151,BAYPARK COMMUNITY,2
1152,LAKE EAST HOSPITAL,2
1153,UNIVERSITY OF ROCHESTER HOSPIT,2
1154,NEW YORK UNIVERSITY MEDICAL CENTER,2
1155,NEW YORK-PRESBYTERIAN HOSPITAL,2
1156,MEMORIAL,2
1157,NIAGRA FALLS MEMORIAL MEDICAL CENTER,2
1158,NICHOLAS NOYES MEMORIAL HOSPITAL,2
1159,UNIVERSITY OF ROCHESTER MEDICAL CTR,2
1160,KANE COMMUNITY HOSPITAL,2
1161,MEDSTAR WASHINGTON HOSPITAL CENTER,2
1162,WOMENS & CHILDRENS HOSP BUFFALO,2
1163,MCLAREN HOSPITAL MT PLEASANT,2
1164,WUESTHOFF MEMORIAL HOSPITAL,2
1165,MCLAREN LAPEER REGIONAL,2
1166,MEDICAL CENTER OF TRINITY,2
1167,MCLAREN NORTHERN MICHIGAN,2
1168,MCLAREN NORTHERN MICHIGAN HOSPITAL,2
1169,MCLAREN OAKLAND HOSPITAL,2
1170,WYANDOTTE HOSPITAL & MEDICAL CENTER,2
1171,MEADOWVIEW REG MEDICAL CTR,2
1172,JASPER MEMORIAL HOSPITAL,2
1173,YALE NEW HAVEN HOSP,2
1174,NORTON BROWNSBORO HOSPITAL,2
1175,IU HEALTH BLACKFORD HOSPITAL,2
1176,MCCULLOUGH-HYDE MEM HOSPITAL,2
1177,WASHINGTON HOSPITALCENTER,2
1178,BEACHWOOD POINTE CARE CENTER,2
1179,KALEIDA MEMORIAL HOSPITAL,2
1180,NEW HANOVER REGIONAL MEDICAL CTR,2
1181,NEBRASKA MEDICAL CENTER,2
1182,MEMORIAL HEALTH,2
1183,ST LUKES WARREN,1
1184,ST MARYS MURTHY HOSPITAL,1
1185,COMMUNITY HEART AND VASCULAR HOSPITAL,1
1186,ALTENHEIM,1
1187,ST MICHAEL'S HOSPITAL,1
1188,ST MARYS REGIONAL MEDICAL CENTER,1
1189,ALPENA REGIONAL MEDICAL CTR,1
1190,CLINICA ABREU,1
1191,WILLOUGHBY HILLS FHC - EXPRESS CARE,1
1192,CHARGIN HIGHLANDS URGENT CARE,1
1193,ST MARYS HOSPITAL AT AMSTERDAM,1
1194,ST MARYS HOSPITAL,1
1195,CMAC MEMORIAL HOSPITAL,1
1196,CHARLOTTE REGIONAL MEDICAL SENTER,1
1197,WYANDOT COUNTY NURSING HOME,1
1198,WEST MORELAND HOSPITAL ASSOC,1
1199,WILLIAMS COUNTY HOSPITAL,1
1200,WEST VIRGINIA UNIVERSITY,1
1201,WYOMING MEDICAL CTR,1
1202,ALTERCARE,1
1203,ST PATRICK HOSPITAL,1
1204,CHESTER COUNTY HOSPITAL,1
1205,ARNOLD PALMER HOSPITAL FOR CHILDREN,1
1206,ARNETT CLINIC,1
1207,ST LUKES HEALTHCARE - FAXTON,1
1208,WAYNE MEMORIAL HOSPITAL,1
1209,ST JOSEPH'S HOSPITAL HEALTH CTR,1
1210,ABC MEDICAL CENTER,1
1211,ARKANSAS CHILDRENS HOSPITAL,1
1212,COMMUNITY HOSPITAL OF INDIANAPPOLIS NORT,1
1213,ST JOSEPH'S REGIONAL MEDICAL CENTER,1
1214,ARKANSAS CHILDREN'S HOPSITAL,1
1215,ST THOMAS MEDICAL CTR,1
1216,ANDOVER HOSPITAL,1
1217,WELLINGTON REGIONAL MEDICAL CENTER ED,1
1218,CENTRO MEDICINA AVANSADA ABRAHAM LINCOLN,1
1219,WINCHESTER MEDICAL CTR,1
1220,WERTON MEDICAL CENTER,1
1221,ACUITY SPECIALTY HOSPITAL,1
1222,CLINICA KENNEDY,1
1223,AIKEN REGIONAL MEDICAL CENTER,1
1224,CLEVELAND CLINIC NAPLES,1
1225,ST LUKE HOSPITAL EAST,1
1226,CLAXTON HEPBURN HOSPITAL,1
1227,COLUMBUS CHILDRENS HOSPITAL,1
1228,CHILLICOTHE MEDICAL CENTER,1
1229,CHRISTIANA HEALTH CARE SYSTEM,1
1230,ALBANY MEDICAL CENTER,1
1231,ALBANY MEDIAL CENTER,1
1232,AL AIN HOSPITAL,1
1233,CIMA,1
1234,WESTLEY MEDICAL CENTER,1
1235,ST LUKES EPISCOPAL,1
1236,AKRON GENERAL MEDICAL CENTER,1
1237,CINCINNATI CHILDRENS LIBERTY CAMPUS,1
1238,WESTON ED,1
1239,WINSOR HOUSE NURSING HOME,1
1240,ST VINCENT HOSPITAL & HEALTH CARE CENTER,1
1241,WOLFSON CHILDRENS HOSPITAL,1
1242,CLARIAN ARNETT HOSPITAL,1
1243,WHITECLIFF HEALTH CENTER,1
1244,ST MARGARET MEMORIAL HOSPITAL,1
1245,ADVOCATE LUTHEREN HOSPITAL,1
1246,CLARION NORTH,1
1247,COASTAL CAROLINA HOSPITAL,1
1248,ST MARY'S,1
1249,ALEXIAN BROTHERS MEDICAL CENTER,1
1250,ST MARY'S MEDICAL CENTER,1
1251,WILKES BARRE GENERAL HOSPITAL,1
1252,CHILDREN'S HOSPITAL OF FLORIDA,1
1253,ST LUKES MEMORIAL,1
1254,ADVOCATE BROMENN HOSPITAL,1
1255,CHILDREN'S HOSPITAL OF PHILADELPHIA,1
1256,COLUMBIAN PRESBYTERIAN CHILDRENS OF NY,1
1257,ADVOCATE GOOD SAMARTIN,1
1258,CHILDREN'S HOSPITAL OF PITTSBURGH OF UPMC,1
1259,CHILDRENS HOSPITAL AT OU MEDICAL CENTER,1
1260,ST MARY'S HEALTH CARE,1
1261,WIERTON MEDICAL CENTER,1
1262,ST LUKES SOLON ED,1
1263,ALLEGAN GENERAL HOSPITAL,1
1264,ALEXIAN BROTHERS MEDICAL CTR,1
1265,CHILDRENS INSTITUTE OF PITTSBU,1
1266,ST MARY'S MEDICAL CAMPUS IRONTON,1
1267,ST MARY'S HEALTHCARE,1
1268,CHILDRENS NATIONAL MEDICAL CENTER,1
1269,WINDBER HOSPITAL,1
1270,VETERANS ADMINISTRATION MEDICAL CSNTER,1
1271,CC-WESTLAKE FHC,1
1272,UCSF MEDICAL CENTER - PARNASSUS,1
1273,UNIVERSITY OF TEXAS MEDICAL BRACH,1
1274,COMMUNITY HOSPITALS OF WILLIAMS COUNTY,1
1275,UNIVERSITY HOSPITAL OF UPSTATE MED CTR,1
1276,BRONSON LAKEVIEW HOSPITAL,1
1277,UNIVERSITY HOSPITAL OF OHIO,1
1278,BAYONET POINT,1
1279,BAYLOR ALL SAINTS,1
1280,UNIVERSITY ALABAMA BIRMINGHAM,1
1281,UNITY MEDICAL SURGICAL HOSPITA,1
1282,BAYFRONT MEDICAL CENTER,1
1283,BAYFRONT HEALTH PORT CHARLOTTE,1
1284,BAY REGIONAL MEDICAL CTR,1
1285,UNIVERSITY OF TOLEDO MEDICAL CENTER,1
1286,UNITED MEMORIAL MEDICAL CTR,1
1287,UNITED HOSPITAL,1
1288,UNIVERSITY OF WISCONSIN HOSPITAL AND CLINIC,1
1289,UNKNWON,1
1290,BAY MEDICAL CTR,1
1291,UNVERSITY KENTUCKY,1
1292,BASSETT MEDICAL CTR,1
1293,BASSETT HEALTHCARE,1
1294,UHHS RICHMOND HTS HOSP,1
1295,BARNES HOSPITAL,1
1296,BRYAN LGH MEDICAL CENTER,1
1297,BRYANLGH MEDICAL CENTER EAST,1
1298,BRYNMAWR HOSPITAL,1
1299,UH CONNEAUT MEDICAL CENTER,1
1300,UNIVERSITY OF TEXAS MD ANDERSON CANCER CTR,1
1301,BECKLEY HOSPITAL,1
1302,BRIARFIELD OF MILAN,1
1303,BEEGHLY MEDICAL PARK,1
1304,UNIVERSITY OF COLORADO HOSPITAL,1
1305,BETHESDA HOSPITAL,1
1306,UNIVERSITY OF LOUISVILLE HOSPITAL,1
1307,BETHASEDA MEMORIAL HOSP,1
1308,BERTRAND CHAFFEE HOSPITAL,1
1309,BERKSHIRE MEDICAL,1
1310,UNIVERSITY OF ARKANSAS FOR MEDICAL SCIEN,1
1311,UNIVERSITY OF MADISON,1
1312,BENEFIS HOSPITAL,1
1313,BENEFIS HEALTH SYSTEM,1
1314,BELLEFONT HOSP,1
1315,BLOSSOM NURSING AND REHAB CENTER,1
1316,UNIVERSITY NING XIA,1
1317,BREMEN COMMUNITY HOSPITAL,1
1318,BLUFFTON COMMUNITY HOSPITAL,1
1319,UNIVERSITY MEDNET,1
1320,BOCA RATON REGIONAL HOSPITAL,1
1321,BON SECOURS COMMUNITY HOSPITAL,1
1322,BON SECOURS GOOD SAMARITAN HOSPITAL,1
1323,UNIVERSITY MEDICAL CTR BRACKENRIDGE,1
1324,UNIVERSITY MEDICAL CTR AT PRINCETON,1
1325,UNIVERSITY MEDICAL CENTER BRACKENRIDGE,1
1326,BEEGHLY MED CENTER,1
1327,BOSTON CHILDREN'S HOSPITAL,1
1328,BEDFORD MEMORIAL HOSPITAL,1
1329,BRANCHARD VALLEY REGIONAL HEAL,1
1330,BAPTIST REGIONAL HOSPITAL,1
1331,UCLA MEDICAL CENTER,1
1332,ST VINCENT INFIRMARY MEDICAL CTR,1
1333,TROY BEAUMONT HOSPITAL,1
1334,VANCOUVER GENERAL HOSPITAL,1
1335,SUMMA BARBERTON HOSPITAL,1
1336,AVENTURA HOSPITAL AND MEDICAL CENTER,1
1337,SUMARITAN REGIONAL HOSPITAL,1
1338,AUXILIO MUTUO HOSPITAL,1
1339,STRONGSVILLE URICARE,1
1340,STRONGSVILLE FAMILY AND SURGERY CENTER,1
1341,VETERAN ADMINISTRATION MED CENTER,1
1342,VETERANS ADMINISTRATION HOSPITAL,1
1343,AUDOBON HOSPITAL,1
1344,CC-CHAGRIN FALLS FHC,1
1345,STONY BROOK UNIVERSITY MEDICAL CENTER,1
1346,STONEWALL JACKSON MEMORIAL HOSPITAL,1
1347,STONEWALL JACKSON MEMORIAL HOS,1
1348,CC-HURON HOSPITAL,1
1349,UNIVERSITY OF IOWA,1
1350,STANLY REGIONAL HOSPITAL,1
1351,ATHENS REGIONAL HEALTH SYSTEM,1
1352,ST. VINCENT HEALTH CENTER,1
1353,VETERANS ADMINSTRATION MEDICAL CTR,1
1354,VETERANS MEDICAL CENTER,1
1355,ST. VINCENT,1
1356,ST. MARYS HEALTH CTR,1
1357,VIA CHRISTIE,1
1358,VILLA ST JOESPH,1
1359,CC-SOLON FHC,1
1360,WAKE FOREST BAPTIST MEDICAL CTR,1
1361,SUMMER COUNTY APPALACHIAN HOSPITAL,1
1362,VALLEY HOSP,1
1363,VA WESTERN NEW YORK HEALTH CARE SYSTEM,1
1364,BAPTIST HEALTH SYSTEMS,1
1365,BUTLER VA,1
1366,BAPTIST MEMORIAL MEDICAL CENTER,1
1367,CABALL HUNTINGTON HOSPITAL,1
1368,BAPTIST MEMORIAL HOSPITAL BOONEVILLE,1
1369,BAPTIST MEMORIAL HOSPITAL,1
1370,BAPTIST HOSPITAL OF MIAMI,1
1371,CAMBRIDGE,1
1372,BAPTIST HOSPITAL ED,1
1373,CAMBRIDGE MEMORIAL,1
1374,THREE RIVERS AREA HOSPITAL,1
1375,UPMC ST MARGARET,1
1376,UPPER VALLEY MEDICAL CTR (NORTH),1
1377,THOMAS JEFFERSON UNIVERSITY HO,1
1378,BALL MEMORIAL HOSPITAL,1
1379,THE MEDICAL CENTER BOWLIN GREEN,1
1380,THE MEDICAL CENTER,1
1381,TERRE HAUTE REGIONAL HOSPITAL,1
1382,TERRE HAUTE REGIONAL HOSP,1
1383,TAMPA GENERAL,1
1384,CANDEN CLARK MEMORIAL HOSPITAL,1
1385,T C THOMPSON CHILDREN'S HOSPITAL,1
1386,SWEDISH MEDICAL CTN,1
1387,SWEDISH MEDICAL CENTER,1
1388,SWEDISH AMERICAN HEART HOSPITAL,1
1389,SUNY HEALTH UPSTATE MEDICAL,1
1390,BAPTIST HEALTH,1
1391,MEDCENTRAL HEALTH SYSTEM,1
1392,ELMHURST MEMORIAL HOSPITAL,1
1393,ST JOSEPH'S,1
1394,KINDRED HOSP-NORTH SHORE,1
1395,MT ST MARY'S HOSPITAL,1
1396,KENTUCKY RIVER MEDICAL CENTER,1
1397,NATIONAL PARK MEDICAL CENTER,1
1398,KENDALL REGIONAL MEDICAL CENTER,1
1399,NEW YORK HOSPITAL,1
1400,KAISER PARMA MEDICAL CTR,1
1401,NEW YORK PRESBYTERIAN HOSPITAL,1
1402,NEW YORK UNIVERSITY MEDICAL CTR,1
1403,JUPITER HOSPITAL,1
1404,NORTH AUSTIN MEDICAL CENTER,1
1405,NORTH BAY GENERAL HOSPITAL,1
1406,NORTH CANTON MED CLINIC CTR,1
1407,NORTH COLLIER HOSPITAL,1
1408,NORTH COLORADO MEDICAL CENTER,1
1409,NORTH MISSISSIPPE MEDICAL CENTER,1
1410,NORTH SHORE UNIV FOREST HILLS,1
1411,JERSEY SHORE UNIVERSITY MEDICAL CENTER,1
1412,MT CARMEL ST ANN'S,1
1413,MT CARMEL MEDICAL CENTER,1
1414,HIGHLANDS REGIONAL MEDICAL CTR,1
1415,KINDRED HOSPITAL CENTRAL OHIO MANSFIELD,1
1416,LAKELAND MEDICAL CTR,1
1417,MONTROSE MEMORIAL HOSPITAL,1
1418,LAKE SHORE HEALTH CARE CENTER,1
1419,MORRISTOWN HAMBLEN HOSPITAL,1
1420,MORRISTOWN MEMORIAL HOSPITAL,1
1421,LAKE ERIE INSTITUTE OF REHABILITATION,1
1422,LAHEY HOSPITAL CLINIC,1
1423,LAGRANGE COMMUNITY HOSPITAL,1
1424,LABETTE HEALTH,1
1425,LA PORTE REGIONAL HEALTH,1
1426,MOUNT CLEMENS GENERAL HOSPITAL,1
1427,KITTANING CARE CENTER,1
1428,KINGSTON OF ASHLAND,1
1429,KING'S DAUGHTER,1
1430,MOUNTAIN VIEW REGIONAL MEDICAL CTR,1
1431,MOUNTAINVIEW REGIONAL,1
1432,MOUNTAINVIEW REGIONAL MEDICAL CTR,1
1433,JERSEY SHORE HOSPITAL,1
1434,NORTHRIDGE HOSPITAL,1
1435,NORTHWEST MEDICAL CENTER,1
1436,NORTHWEST MEMORIAL HOSP,1
1437,HOSPITAL OF THE UNIVERSITY OF PENNSYLVANIA,1
1438,HOSPITAL GENERAL DE LA PLAZA DE LA SALUD,1
1439,HOSPITAL DE LA CONCEPCION,1
1440,HORIZON HOSPITAL SYSTEM,1
1441,OKLAHOMA STATE UNIVERSITY MEDICAL CTR,1
1442,OKLAHOMA UNIVERISTY MEDICAL CENTER,1
1443,ONEIDA HEALTHCARE CENTER,1
1444,ONEIDA HEALTHCARE CTR,1
1445,HOLY NAME MEDICAL CENTER,1
1446,ORANGE REGIONAL MEDICAL CENTER,1
1447,ORANGE REGIONAL MEDICAL CTR,1
1448,OUR LADY OF PEACE,1
1449,PALM BEACH GARDENS MEDICAL CTR,1
1450,HOAG HOSP,1
1451,PARKERSBURG HOSPITAL,1
1452,PARKRIDGE MEDICALO CENTER,1
1453,HILLCREST MEDICAL CENTER,1
1454,HOSPITAL UNIVERSITARIO ESPERAN,1
1455,HOSPITEN CANCUN,1
1456,HOUSE OF LORETO,1
1457,NOVANT HEALTH,1
1458,JAMES CANCER CENTER,1
1459,JACKSON-MADISON COUNTY GENERAL HOSPITAL,1
1460,JACKSON MADISON COUNTY GENERAL HOSPITAL,1
1461,IU HEALTH NORTH HOSPITAL,1
1462,IU HEALTH BALL MEMORIAL HOSP,1
1463,NORTON COMMUNITY HOSPITAL,1
1464,INGALLS MEMORIAL HOSPITAL,1
1465,OAKWOOD SOUTHSHORE MEDICAL CEN,1
1466,HOWARD REGIONAL,1
1467,OAKWOOD SOUTHSHORE MEDICAL CTR,1
1468,OHIO HEART INSTITUTE,1
1469,OHIO STATE MEDICAL CENTER,1
1470,HUNTINGTON VETERANS HOSPITAL,1
1471,OHIO VALLEY GENERAL HOSPITAL,1
1472,HUNTERDON MEDICAL CENTER,1
1473,HOWARD REGIONAL HOSPITAL,1
1474,LAKELAND REGIONAL MEDICAL CENT,1
1475,MONTGOMERY GENERAL HOSPITAL,1
1476,LAKELAND REGIONAL MEDICAL CTR,1
1477,MERCY HOSPITAL OF BUFFALO,1
1478,MEMORIAL SLOAN KETTERING CANCER CENTER,1
1479,MEMORIAL UNIVERSITY MEDICAL CENTER,1
1480,MENORAH MEDICAL CENTER,1
1481,MARROW COUNTY HOSPITAL,1
1482,MERCY CITY JOINT TWP COMMUNITY HOSPITAL,1
1483,MARIAN COMMUNITY HOSPITAL,1
1484,MARGARET MARY COMMUNITY HOSPITAL,1
1485,MANORCARE OF ROCKY RIVER,1
1486,MANORCARE HEALTH SERVICES - PARMA,1
1487,MANOR CARE NURSING,1
1488,MANOR CARE,1
1489,MANOR AT PERRYSBURG,1
1490,MANATEE MEMORIAL HOSPITAL,1
1491,MAJORA LANE,1
1492,MAINE MEDICAL CTR,1
1493,MAIN MEDICAL CENTER,1
1494,MAHONING VALLEY HOSPITAL,1
1495,MEMORIAL SLOAN KETTERING,1
1496,MASSILLON COMMUNITY HOSPITAL,1
1497,MAUI MEMORIAL HOSPITAL,1
1498,MEDICAL CTR AT BOWLING GREEN,1
1499,MEDICAL CENTER AT BOWLING GREEN,1
1500,MEDICAL CENTER OF CENTRAL GEORGIA,1
1501,MEADOWVIEW REGIONAL MEDICAL CENTER,1
1502,MD ANDERSON CANCER CENTER,1
1503,MEDICAL CENTER OF NEWARK OHIO,1
1504,MEDICAL CITY DALLAS HOSP,1
1505,MEDICAL COLLEGE OF OHIO HOSPIT,1
1506,MEDICAL UNIVERSITY OF SOUTH CAROLINA HOSPITAL,1
1507,MAYO CLINIC,1
1508,MEDICAL UNIVERSITY SOUTH CAROLINA,1
1509,MCHENRY HOSPITAL,1
1510,MCCULLOUGH HOSPITAL,1
1511,MCALLEN HEART HOSPITAL,1
1512,MC GRODER MEMORIAL HOSPITAL,1
1513,MEMORIAL HEALTH CARE CENTER,1
1514,MAYO CLINIC JACKSONVILLE,1
1515,MERCY HOSPITAL GRAYLING,1
1516,MERCY MEDICAL CENTER CEDAR RAPIDS,1
1517,LAKESHORE HOSPITAL,1
1518,MERCY MEDICAL CENTER MT ORAB,1
1519,MILLER FILLMORE SUBURBAN HOSPI,1
1520,MILLER FILLMORE SUBURBAN HOSPITAL,1
1521,MILLERSBURG MEMORIAL,1
1522,LEXINGTON MEDICAL CTR,1
1523,LEXINGTON MEDICAL CENTER,1
1524,LEWIS-GALE MEDICAL CTR,1
1525,LENOIR MEMORIAL,1
1526,LEHIGH VALLEY HOSPITAL,1
1527,LEHIGH VALLEY - CEDAR CREST,1
1528,LEESBURG REGIONAL MEDICAL CENTER,1
1529,MINERS HOSPITAL OF NORTHERN CA,1
1530,LAYFAYETTE GENERAL MED CENTER,1
1531,MINI HAMPTON HEALTH CENTER,1
1532,MISSION HOSPITALS INC.,1
1533,MISSISSIPPI BAPTIST MEDICAL CENTER,1
1534,MONONGAHELA VALLEY HOSPITAL,1
1535,MONTEFIORE MEDICAL CTR,1
1536,MILCREEK COMMUNITY,1
1537,MIDMICHIGAN MEDICAL CENTER- GLADWIN,1
1538,LONG ISLAND JEWISH MEDICAL CTR,1
1539,METHODIST MEDICAL CTR,1
1540,MERCY MEDICAL CENTER OF DES MOINES,1
1541,MACKINAC STRAITS HOSPITAL,1
1542,LYNCHBURG GENERAL HOSPITAL,1
1543,MERCY REGIONAL HOSPITAL,1
1544,LUTHERN HOSPITAL OF INDIANA,1
1545,LUTHERAN VILLAGE AT WOLF CREEK,1
1546,MERCY ST JOSEPH HOSPITAL,1
1547,METRO HEALTH CENTER,1
1548,LONGWOOD HOSPITAL,1
1549,METROHEALTH  CENTER,1
1550,LUTHERAN,1
1551,LOYOLA UNIVERSITY MEDICAL CENTER,1
1552,LOURDES HOSPITAL INC,1
1553,LOURDES,1
1554,MICHIGAN REGINAL MEDICAL CENTER,1
1555,MID MICHIGAN MEDICAL CTR,1
1556,PARMA MANOR CARE,1
1557,HOLY CROSS HOSPITAL ED,1
1558,PATTIE CLAY,1
1559,SHANNON MEDICAL CENTER,1
1560,FIRELANDS REHABILITATION CENTER,1
1561,SENTARA POTOMAC HOSPITAL,1
1562,SENTARA PRINCESS ANNE HOSPITAL,1
1563,SETON MEDICAL CENTER,1
1564,FAWCETT MEMORIAL HOSPITAL,1
1565,FALLING WATERS,1
1566,SHADYSIDE HOSPITAL,1
1567,FAIRMOUNT GENERAL HOSPITAL,1
1568,FISCHER TITUS HOSPITAL,1
1569,EVANGELICAL COMMUNITY HOSPITAL,1
1570,SHENANGO VALLEY MEDICAL CENTER,1
1571,SILVER CROSS HOSPITAL,1
1572,ERIE METRO HEALTH CENTER,1
1573,SKAGGS COMMUNITY HOSPITAL,1
1574,SOLDIERS & SAILORS MEMORIAL HOSPITAL,1
1575,EPHRATA COMMUNITY HOSPITAL,1
1576,SENTARA NORFOLK GENERAL HOSPITAL,1
1577,SELECT SPECIALTY HOSPITAL-MACOMB,1
1578,SOLDIERS & SAILORS MEMORIAL HOSPITAL OF YATES,1
1579,SELECT SPECIALTY HOSPITAL - ANN ARBOR,1
1580,SAINT VINCENT MERCY MEDICAL CENTER,1
1581,SAN JOAQUIN COMMUNITY HOSPITAL,1
1582,SAN PABLO HOSPITAL,1
1583,FORSYTH MEDICAL CTR,1
1584,SANTA ROSA MEDICAL CENTER,1
1585,SCHEURER HOSPITAL,1
1586,SELECT SPECIALITY HOSP,1
1587,FLORIDA MEDICAL CTR,1
1588,FISHERMEN'S COMMUNITY HOSPITAL,1
1589,SELECT SPECIALTY HOSPITAL - LAKE WORTH,1
1590,FLORIDA HOSPITAL WATERMAN,1
1591,HIGHLANDS REGIONAL MED CTR,1
1592,FLORIDA HOSPITAL TAMPA,1
1593,FLORIDA HOSPITAL HEARTLAND MEDICAL CTR,1
1594,SELECT SPECIALTY HOSPITAL JOHNSTOWN,1
1595,FLORIDA HOSP TAMPA,1
1596,EPHRAIM MCDOWELL REGIONAL MEDI,1
1597,SOUTH BEND MEMORIAL HOSPITAL,1
1598,SAINT LOUIS UNIVERSITY HOSPITA,1
1599,COX MONETT EMERGENCY ROOM,1
1600,DEFIANCE CLINIC,1
1601,ST JOHN HOSPITAL AND MEDICAL CTR,1
1602,DAYTON HEART HOSPITAL,1
1603,ST JOHN'S MEDICAL CTR,1
1604,DALLAS VA MEDICAL CENTER,1
1605,CRITTENTON HOSPITAL,1
1606,ST JOSEPH EAST,1
1607,ST JOSEPH HEALTH CENTER ANDOVER FREESTAN,1
1608,ST FRANCIS MEDICAL CTR,1
1609,CORPUS CHRISTI SPECIALTY HOSP,1
1610,ST JOSEPH MERCY LIVINGSTON HOSPITAL,1
1611,ST JOSEPH REGINAL MEDICAL CENTER,1
1612,ST JOSEPH S REGIONAL HOSPITAL,1
1613,CONDELL MEMORIAL HOSPITAL,1
1614,CONCORD URGENT CARE,1
1615,COMPREHENSIVE PEDIATRICS,1
1616,DELL CHILDREN'S MEDICAL CENTER,1
1617,DICKENSON COMMUNITY HOSPITAL,1
1618,SOUTH COUNTY HOSPITAL,1
1619,ST CHARLES,1
1620,SOUTH MIAMI HOSPITAL,1
1621,SOUTH POINTE HOSPITAL,1
1622,SOUTHWEST REGIONAL MEDICAL CENTER,1
1623,MED CENTER HOSPITAL,1
1624,SPECIALTY HOSPITAL OF MAHANONI,1
1625,SPECTRUM HEALTH UNITED HOSPITAL,1
1626,ST CATHERINE HOSPITAL OF EAST CHICAGO,1
1627,EASTERN NIAGARA,1
1628,ST FRANCIS BARTLETT,1
1629,ST CLOUD HOSPITAL,1
1630,ST EDWARD MERCY MEDICAL CTR,1
1631,DUKES UNIVERSITY MEDICAL CENTER,1
1632,ST ELIZABETH FLORENCE,1
1633,ST ELIZABETH HOSPITAL MEDICAL CENTER,1
1634,ST ELIZABETH YOUNGSTOWN HOSPITAL,1
1635,DRAKE MEDICAL CTR,1
1636,FRICK COMMUNITY HEALTH CENTER,1
1637,SELECT SPECIALTY HOSPITAL - TRI CITIES,1
1638,SAINT JOSEPH-LONDON,1
1639,HARRISBURG HOSPITAL,1
1640,PLEASENT VALLEY,1
1641,HARLAN ARH HOSPITAL,1
1642,HARLAN APPALACHIAN REGIONAL HOSPITAL,1
1643,PONTIAC OSTEOPATHIC HOSPITAL,1
1644,HANNIBAL REGIONAL HOSPITAL,1
1645,PRESBYTERIAN HEALTHCARE SERVICES,1
1646,HAMILTON HEALTH SCIENCES,1
1647,SAINT JOSEPH'S HOSPITAL,1
1648,HACKLEY HOSPITAL AND MEDICAL CENTER,1
1649,H B MAGRUDER MEMORIAL HOSPITAL,1
1650,PRINCETON MED CTR,1
1651,PRO MEDIC DEFIANCE HOSPITAL,1
1652,GREENWICH HOSPITAL,1
1653,PROMEDICA MONRO HOSPITAL,1
1654,PROVENA ST JOSEPH MEDICAL CTR,1
1655,HARRIS METHODIST HEB HOSPITAL,1
1656,PLATEAU MEDICAL CENTER,1
1657,GREENBRIAR HEALTHCARE CENTER,1
1658,PINNACLE HOSPITAL,1
1659,HIGHLAND HOSPITAL,1
1660,PAUL B HALL REGIONAL MEDICAL CENTER,1
1661,HIGH VALLEY GENERAL,1
1662,PAUL B. HALL REGIONAL MEDICAL CTR,1
1663,PENROSE ST FRANCIS,1
1664,PHELPS MEMORIAL HOSPITAL CENTER,1
1665,PHYSICIAN'S CHOICE HOSPITAL,1
1666,PIEDMONT HENRY HOSPITAL,1
1667,HENDRY REGIONAL MEDICAL CTR,1
1668,HELENA REGIONAL MED CTR,1
1669,HELEN DEVOS CHILDRENS HOSPITAL,1
1670,HEARTLAND REGIONAL MEDICAL CTR,1
1671,HAZARD ARH REGIONAL MEDICAL CE,1
1672,PIEDMONT MEDICAL CENTER,1
1673,HATTIE LARLUM,1
1674,PROVIDENCE HOSPITAL MAIN CAMPUS,1
1675,ZANESVILLE SURGERY CENTER,1
1676,RUSH UNIVERSITY MEDICAL CENTER,1
1677,RAE ANN WESTLAKE,1
1678,GRAND STRAND REGIONAL MEDICAL CTR,1
1679,ROY SCHNEIDER HOSPITAL,1
1680,GENESIS HOSPITAL,1
1681,REDMOND REGIONAL MEDICAL CENTER,1
1682,RIVER DISTRICT HOSPITAL,1
1683,READING MEDICAL HOSPITAL,1
1684,REGIONAL HOSPITAL OF JACKSON,1
1685,RESTON HOSPITAL CENTER,1
1686,GENESEE MEMORIAL HOSPITAL,1
1687,READING HOSPITAL & MEDICAL CTR,1
1688,REGENCY HOSPITAL BARBERTON,1
1689,GREAT LAKES SPECIALTY,1
1690,GREATER BALTIMORE MEDICAL CENTER,1
1691,GREEBRIER MED CTR,1
1692,GREEN MEMORIAL,1
1693,GEISINGER WYOMING VALLEY MEDICAL CENTER,1
1694,ST JOESPH MEDICAL CENTER,0
1695,GEORGE WASHINGTON UNIV MED CTR,0
1696,PIEDMONT HOS,0
1697,MEMORIAL HEALTHCARE SYSTEM,0
1698,DAYTON VA MEDICAL CENTER,0
1699,WILLIAMSON ARH HOSPITAL,0
1700,YALE NEW HAVEN HOSPITAL,0
1701,GEORGETOWN UNIVERSITY MED CENTER,0
1702,WILLIAM BEAUMONT ARMY MEDICAL CTR,0
1703,SHARP CORONADO HOSP,0
1704,PHYSICIANS CHOICE HOSP,0
1705,ROPER HOSPITAL,0
1706,COMPLEX CARE HOSPITAL RIDGE LAKE,0
1707,RUSH NORTH SHORE MEDICAL CENTER,0
1708,STONY BROOK UNIVERSITY MEDICAL CTR,0
1709,UNVERSITY OF PITTSBURG MEDICAL,0
1710,COMMUNITY HOSPITAL NORTH,0
1711,PARKRIDGE HOSPITAL,0
1712,ACADIA GENERAL HOSPITAL,0
1713,ABINGTON MEMORIAL,0
1714,SAINT JOSEPH CHILDRENS HOSP,0
1715,CCF,0
1716,UCLA MEDICAL CTR,0
1717,DEVOS CHILDRENS HOSP,0
1718,BANNER THUNDERBIRD MEDICAL CENTER,0
1719,UNIVERSITY OF MARYLAND HOSPITAL,0
1720,CHARLEVOIX HOSPITAL,0
1721,WAKE FOREST BAPTIST MEDICAL CENTER,0
1722,TAMPA GENERAL HOSPITAL,0
1723,GREENS OF LYNDHURST REHAB,0
1724,NORTHWEST REGIONAL HOSPITAL,0
1725,AUDUBON HOSPITAL,0
1726,UNIVERSITY OF TENNESSE MEDICAL CTR,0
1727,HALIFAX MEDICAL CENTER,0
1728,CAHRLESTON AREA MEDICAL CENTER MEMORIAL,0
1729,ST MARY MERCY LIVONIA,0
1730,PRESBYTERIAN HEATHCARE,0
1731,ST BARNABAS MEDICAL CTR,0
1732,WESTCHESTER MEDICAL CTR,0
1733,MAHONING VALLEY HOSPITAL - BOARDMAN,0
1734,CINCINNATI CHILDREN'S HOSPITAL MEDICAL CTR,0
1735,EAST TENNESSEE CHILDREN'S HOSPITAL,0
1736,LEESBURG REGIONAL MEDICAL CTR,0
1737,VANDERBILT CHILDRENS HOSPITAL,0
1738,REGIONAL MEDICAL CENTER AT MEMPHIS,0
1739,MID MICHIGAN HEALTH CENTER-GRATIOT,0
1740,BAYLOR UNIVER MED CTR,0
1741,MERCY HEALTH - MT. ORAB MEDICAL CENTER,0
1742,DRAKE CENTER,0
1743,MUSKEGON GENERAL HOSPITAL,0
1744,SOUTHEAST HEALTH HOSPITAL,0
